-- MySQL dump 10.13  Distrib 8.0.31, for macos12 (x86_64)
--
-- Host: localhost    Database: assignment
-- ------------------------------------------------------
-- Server version	8.0.31

/*!40101 SET @OLD_CHARACTER_SET_CLIENT=@@CHARACTER_SET_CLIENT */;
/*!40101 SET @OLD_CHARACTER_SET_RESULTS=@@CHARACTER_SET_RESULTS */;
/*!40101 SET @OLD_COLLATION_CONNECTION=@@COLLATION_CONNECTION */;
/*!50503 SET NAMES utf8 */;
/*!40103 SET @OLD_TIME_ZONE=@@TIME_ZONE */;
/*!40103 SET TIME_ZONE='+00:00' */;
/*!40014 SET @OLD_UNIQUE_CHECKS=@@UNIQUE_CHECKS, UNIQUE_CHECKS=0 */;
/*!40014 SET @OLD_FOREIGN_KEY_CHECKS=@@FOREIGN_KEY_CHECKS, FOREIGN_KEY_CHECKS=0 */;
/*!40101 SET @OLD_SQL_MODE=@@SQL_MODE, SQL_MODE='NO_AUTO_VALUE_ON_ZERO' */;
/*!40111 SET @OLD_SQL_NOTES=@@SQL_NOTES, SQL_NOTES=0 */;

--
-- Table structure for table `customer`
--

DROP TABLE IF EXISTS `customer`;
/*!40101 SET @saved_cs_client     = @@character_set_client */;
/*!50503 SET character_set_client = utf8mb4 */;
CREATE TABLE `customer` (
  `id` int NOT NULL AUTO_INCREMENT,
  `title` varchar(20) NOT NULL,
  `first_name` varchar(50) NOT NULL,
  `middle_name` varchar(50) NOT NULL,
  `last_name` varchar(50) NOT NULL,
  `contact_no` varchar(10) NOT NULL,
  `district` varchar(50) NOT NULL,
  PRIMARY KEY (`id`)
) ENGINE=InnoDB AUTO_INCREMENT=7 DEFAULT CHARSET=latin1;
/*!40101 SET character_set_client = @saved_cs_client */;

--
-- Dumping data for table `customer`
--

LOCK TABLES `customer` WRITE;
/*!40000 ALTER TABLE `customer` DISABLE KEYS */;
INSERT INTO `customer` VALUES (1,'Mr','saman','shantha','kumara','0724468955','5'),(2,'Mr','Ruwan','nishantha','bandara','0786598526','7'),(3,'Mrs','Nishani','dhammika','bandara','0753256589','6'),(4,'Miss','Samanthi','kumari','kulathunga','0762354576','22'),(5,'Mr','Nimal','','Kumar','0761234567','2'),(6,'Miss','Amali','Ann','Kumari','0729876543','5');
/*!40000 ALTER TABLE `customer` ENABLE KEYS */;
UNLOCK TABLES;

--
-- Table structure for table `district`
--

DROP TABLE IF EXISTS `district`;
/*!40101 SET @saved_cs_client     = @@character_set_client */;
/*!50503 SET character_set_client = utf8mb4 */;
CREATE TABLE `district` (
  `district` varchar(50) DEFAULT NULL,
  `active` varchar(10) DEFAULT NULL,
  `id` int NOT NULL AUTO_INCREMENT,
  PRIMARY KEY (`id`)
) ENGINE=InnoDB AUTO_INCREMENT=26 DEFAULT CHARSET=latin1;
/*!40101 SET character_set_client = @saved_cs_client */;

--
-- Dumping data for table `district`
--

LOCK TABLES `district` WRITE;
/*!40000 ALTER TABLE `district` DISABLE KEYS */;
INSERT INTO `district` VALUES ('Ampara','yes',1),('Anuradhapura','yes',2),('Badulla','yes',3),('Batticaloa','yes',4),('Colombo','yes',5),('Galle','yes',6),('Gampaha','yes',7),('Hambantota','yes',8),('Jaffna','yes',9),('Kalutara','yes',10),('Kalutara','yes',11),('Kandy','yes',12),('Kegalle','yes',13),('Kilinochchi','yes',14),('Kurunegala','yes',15),('Mannar','yes',16),('Matale','yes',17),('Matara','yes',18),('Moneragala','yes',19),('Mullaitivu','yes',20),('Nuwara Eliya','yes',21),('Polonnaruwa','yes',22),('Puttalam','yes',23),('Rathnapura','yes',24),('Vavuniya','yes',25);
/*!40000 ALTER TABLE `district` ENABLE KEYS */;
UNLOCK TABLES;

--
-- Table structure for table `invoice`
--

DROP TABLE IF EXISTS `invoice`;
/*!40101 SET @saved_cs_client     = @@character_set_client */;
/*!50503 SET character_set_client = utf8mb4 */;
CREATE TABLE `invoice` (
  `id` int NOT NULL AUTO_INCREMENT,
  `date` date NOT NULL,
  `time` time NOT NULL,
  `invoice_no` varchar(50) NOT NULL,
  `customer` varchar(10) NOT NULL,
  `item_count` varchar(50) NOT NULL,
  `amount` varchar(50) NOT NULL,
  PRIMARY KEY (`id`)
) ENGINE=InnoDB AUTO_INCREMENT=9 DEFAULT CHARSET=latin1;
/*!40101 SET character_set_client = @saved_cs_client */;

--
-- Dumping data for table `invoice`
--

LOCK TABLES `invoice` WRITE;
/*!40000 ALTER TABLE `invoice` DISABLE KEYS */;
INSERT INTO `invoice` VALUES (1,'2021-04-01','07:00:14','1001','1','2','7500'),(2,'2021-04-01','14:23:12','1002','2','1','75000'),(3,'2021-04-02','10:12:55','1003','3','1','117000'),(4,'2021-04-04','15:44:22','1004','1','2','21000'),(5,'2021-04-06','13:15:52','1005','3','4','15000'),(6,'2021-04-07','14:22:36','1006','4','10','117500'),(7,'2021-04-07','16:11:48','1006','2','32','24016'),(8,'2021-04-09','12:11:55','1007','2','2','150000');
/*!40000 ALTER TABLE `invoice` ENABLE KEYS */;
UNLOCK TABLES;

--
-- Table structure for table `invoice_master`
--

DROP TABLE IF EXISTS `invoice_master`;
/*!40101 SET @saved_cs_client     = @@character_set_client */;
/*!50503 SET character_set_client = utf8mb4 */;
CREATE TABLE `invoice_master` (
  `id` int NOT NULL AUTO_INCREMENT,
  `invoice_no` varchar(50) NOT NULL,
  `item_id` varchar(50) NOT NULL,
  `quantity` varchar(50) NOT NULL,
  `unit_price` varchar(50) NOT NULL,
  `amount` varchar(50) NOT NULL,
  PRIMARY KEY (`id`)
) ENGINE=InnoDB AUTO_INCREMENT=13 DEFAULT CHARSET=latin1;
/*!40101 SET character_set_client = @saved_cs_client */;

--
-- Dumping data for table `invoice_master`
--

LOCK TABLES `invoice_master` WRITE;
/*!40000 ALTER TABLE `invoice_master` DISABLE KEYS */;
INSERT INTO `invoice_master` VALUES (1,'1001','1','1','5000','5000'),(2,'1001','4','1','2500','2500'),(3,'1002','2','1','75000','75000'),(4,'1003','5','2','58500','117000'),(5,'1004','3','1','18500','18500'),(6,'1004','4','1','2500','2500'),(7,'1004','1','2','5000','10000'),(8,'1004','4','2','2500','5000'),(9,'1005','3','5','18500','92500'),(10,'1005','1','5','5000','25000'),(11,'1006','6','32','750.50','24016'),(12,'1007','2','2','75000','150000');
/*!40000 ALTER TABLE `invoice_master` ENABLE KEYS */;
UNLOCK TABLES;

--
-- Table structure for table `item`
--

DROP TABLE IF EXISTS `item`;
/*!40101 SET @saved_cs_client     = @@character_set_client */;
/*!50503 SET character_set_client = utf8mb4 */;
CREATE TABLE `item` (
  `id` int NOT NULL AUTO_INCREMENT,
  `item_code` varchar(20) NOT NULL,
  `item_category` varchar(20) NOT NULL,
  `item_subcategory` varchar(20) NOT NULL,
  `item_name` varchar(20) NOT NULL,
  `quantity` varchar(20) NOT NULL,
  `unit_price` varchar(20) NOT NULL,
  PRIMARY KEY (`id`)
) ENGINE=InnoDB AUTO_INCREMENT=9 DEFAULT CHARSET=latin1;
/*!40101 SET character_set_client = @saved_cs_client */;

--
-- Dumping data for table `item`
--

LOCK TABLES `item` WRITE;
/*!40000 ALTER TABLE `item` DISABLE KEYS */;
INSERT INTO `item` VALUES (1,'JK007','1','1','HP Laser printer','10','5000'),(2,'CS6656','2','3','Lenovo Ideapad 300','5','75000'),(3,'KL9956','3','5','Samsung touch displa','6','18500'),(4,'HH7565','4','1','Colour ink','5','2500'),(5,'SM3534','2','2','Dell latitude','5','58500'),(6,'KM6526','3','5','Samsung headset','50','750.50'),(7,'SS003','3','5','Ear phone','34','1348.50'),(8,'LL007','2','3','Smart book','20','28000');
/*!40000 ALTER TABLE `item` ENABLE KEYS */;
UNLOCK TABLES;

--
-- Table structure for table `item_category`
--

DROP TABLE IF EXISTS `item_category`;
/*!40101 SET @saved_cs_client     = @@character_set_client */;
/*!50503 SET character_set_client = utf8mb4 */;
CREATE TABLE `item_category` (
  `id` int NOT NULL AUTO_INCREMENT,
  `category` varchar(100) NOT NULL,
  PRIMARY KEY (`id`)
) ENGINE=InnoDB AUTO_INCREMENT=6 DEFAULT CHARSET=latin1;
/*!40101 SET character_set_client = @saved_cs_client */;

--
-- Dumping data for table `item_category`
--

LOCK TABLES `item_category` WRITE;
/*!40000 ALTER TABLE `item_category` DISABLE KEYS */;
INSERT INTO `item_category` VALUES (1,'Printers'),(2,'Laptops'),(3,'Gadgets'),(4,'Ink bottels'),(5,'Cartridges');
/*!40000 ALTER TABLE `item_category` ENABLE KEYS */;
UNLOCK TABLES;

--
-- Table structure for table `item_subcategory`
--

DROP TABLE IF EXISTS `item_subcategory`;
/*!40101 SET @saved_cs_client     = @@character_set_client */;
/*!50503 SET character_set_client = utf8mb4 */;
CREATE TABLE `item_subcategory` (
  `id` int NOT NULL AUTO_INCREMENT,
  `sub_category` varchar(100) NOT NULL,
  PRIMARY KEY (`id`)
) ENGINE=InnoDB AUTO_INCREMENT=6 DEFAULT CHARSET=latin1;
/*!40101 SET character_set_client = @saved_cs_client */;

--
-- Dumping data for table `item_subcategory`
--

LOCK TABLES `item_subcategory` WRITE;
/*!40000 ALTER TABLE `item_subcategory` DISABLE KEYS */;
INSERT INTO `item_subcategory` VALUES (1,'HP'),(2,'Dell'),(3,'Lenovo'),(4,'Acer'),(5,'Samsung');
/*!40000 ALTER TABLE `item_subcategory` ENABLE KEYS */;
UNLOCK TABLES;
/*!40103 SET TIME_ZONE=@OLD_TIME_ZONE */;

/*!40101 SET SQL_MODE=@OLD_SQL_MODE */;
/*!40014 SET FOREIGN_KEY_CHECKS=@OLD_FOREIGN_KEY_CHECKS */;
/*!40014 SET UNIQUE_CHECKS=@OLD_UNIQUE_CHECKS */;
/*!40101 SET CHARACTER_SET_CLIENT=@OLD_CHARACTER_SET_CLIENT */;
/*!40101 SET CHARACTER_SET_RESULTS=@OLD_CHARACTER_SET_RESULTS */;
/*!40101 SET COLLATION_CONNECTION=@OLD_COLLATION_CONNECTION */;
/*!40111 SET SQL_NOTES=@OLD_SQL_NOTES */;

-- Dump completed on 2023-07-30 21:33:25
